Episode No.,Reward
1,-56.97741947
2,-148.1576522
3,-174.7418848
4,-233.4777395
5,-407.9590543
6,-58.89149688
7,-87.66290926
8,-77.07060991
9,-83.34665691
10,-350.4805583
11,-246.2165446
12,-106.3113818
13,-108.5479668
14,-135.1647225
15,-389.8401662
16,-226.2871492
17,-296.6797875
18,-82.50130849
19,-375.2948906
20,-83.28731286
21,-328.8945483
22,-211.1942403
23,-114.3817825
24,-326.1144709
25,-296.2027161
26,4.92332156
27,-87.38595441
28,-119.8884847
29,-113.4325763
30,-202.4725006
31,-183.9385268
32,-430.7168608
33,-208.2418415
34,-121.8017353
35,-90.12304172
36,-293.1303192
37,-332.1805862
38,-92.96714824
39,-307.2998282
40,-159.4122987
41,-241.0201261
42,-386.5478244
43,-109.0294029
44,-421.0586243
45,-167.5371893
46,-129.1395019
47,-151.9119257
48,-152.7844679
49,-305.2284943
50,-105.3491202
51,-125.2745047
52,-55.70902387
53,-383.6541917
54,-99.80378008
55,-124.0402525
56,-260.4059863
57,-131.9120959
58,-360.0009968
59,-302.7090706
60,-105.4788509
61,-243.1847094
62,-35.11086802
63,-110.2821312
64,-146.0379872
65,-90.66319792
66,-392.8025968
67,-122.9130465
68,-149.8901782
69,-311.5915147
70,-112.337865
71,-6.342446834
72,-36.02440518
73,-87.93789702
74,-145.5144027
75,-299.9741256
76,-73.42301657
77,-111.6049687
78,-144.8104429
79,-77.93255039
80,-94.67459844
81,-67.59577944
82,-103.6461193
83,-200.2463441
84,-270.3205968
85,-63.50781432
86,-78.64558692
87,-111.7178985
88,-91.81030653
89,-114.3665952
90,-161.2593929
91,-610.5484897
92,-149.4936135
93,-249.7896084
94,-114.2810186
95,-267.4096826
96,-334.3503119
97,-114.2723245
98,-115.2577824
99,-287.5083403
100,44.27064081
101,-173.0079648
102,-83.42788046
103,-221.7872322
104,-63.0068493
105,-120.2722098
106,-277.4850499
107,-61.22663875
108,-243.7598331
109,-306.7668929
110,-218.857462
111,-393.7830892
112,-127.0811293
113,-69.057058
114,-251.0264682
115,-83.74851535
116,-201.11841
117,-310.273567
118,-99.04738143
119,-94.87776206
120,-239.6214187
121,-142.1214706
122,-285.9860166
123,-74.09677873
124,-157.8897719
125,-184.5958516
126,-177.1739632
127,-327.2437525
128,-181.282858
129,-28.4797326
130,-344.5354999
131,20.92532925
132,-142.6429677
133,-80.65323584
134,-310.2137583
135,-411.7803854
136,-75.60823995
137,-182.0915949
138,-212.3165835
139,-113.3034797
140,-118.0753829
141,-402.1321715
142,-82.60888587
143,-119.9520815
144,-199.8078353
145,-91.42720755
146,-110.0288233
147,-100.7761895
148,-256.7114607
149,-40.80574391
150,-492.60735
151,-30.02746329
152,-65.92768093
153,-340.1000531
154,-351.5816876
155,-102.2051324
156,-94.72287521
157,-221.2229788
158,-179.0335281
159,-412.6949056
160,-246.2677852
161,-181.6715998
162,-486.382728
163,-193.3318462
164,-36.81659059
165,-109.9354304
166,-205.7718231
167,-424.5448411
168,-375.2091755
169,-128.7338341
170,-102.8932373
171,-269.6977906
172,-225.3144948
173,-141.4404292
174,-429.8880123
175,-503.5234914
176,-98.11966283
177,-201.8691747
178,-94.20383135
179,-459.9226446
180,-286.1862205
181,-413.3801692
182,-308.8566353
183,-88.62956094
184,-286.8218473
185,-195.0169331
186,-189.4598194
187,-405.6077918
188,-169.7773196
189,-97.94408923
190,-104.275697
191,-21.86021559
192,-73.5372116
193,-209.578071
194,-122.1827364
195,-239.6289613
196,-64.34818873
197,-130.9654685
198,-252.0797249
199,-104.650682
200,-344.2692229
201,-122.0603241
202,-91.12506382
203,-107.5776557
204,-158.6366191
205,-131.1924906
206,-173.6276804
207,-387.6897721
208,-316.7996323
209,-94.18675289
210,-88.2205359
211,-370.6104259
212,-249.8726672
213,-163.0918206
214,-147.2987386
215,-68.33007811
216,-77.283956
217,-105.2425303
218,-136.2017675
219,-85.60887938
220,-106.6876325
221,-117.1942693
222,-119.356029
223,-54.68842304
224,-85.50324278
225,-137.2333678
226,-100.5141949
227,-274.0844791
228,-225.7582005
229,-149.6130132
230,-40.04670365
231,-135.7554674
232,-274.9082465
233,-162.6347644
234,-172.4625142
235,-108.7840053
236,-200.6875557
237,-434.1243647
238,-202.218024
239,-122.5958269
240,-169.2943846
241,-339.4915025
242,-153.7600005
243,-168.2613229
244,-111.9982813
245,-252.4095068
246,-11.38175086
247,-87.60475607
248,-317.3393661
249,-70.61574778
250,-140.4176845
251,-90.74481007
252,-100.363122
253,-123.4131572
254,-173.9673206
255,-92.35649973
256,-122.6575394
257,-304.6482915
258,-101.1734527
259,-217.2979436
260,-122.4865312
261,-233.4097109
262,-40.78296047
263,-48.95210483
264,-282.0884195
265,-95.22376907
266,-339.2580474
267,-381.3516407
268,-118.2848339
269,-195.6081833
270,-259.4523461
271,-155.7067416
272,-52.4338818
273,-130.1112215
274,-103.2059431
275,-224.3348133
276,-108.9171761
277,-164.7954378
278,-68.35584172
279,-131.5556901
280,-94.78077803
281,-99.16816153
282,-66.05382222
283,-48.35321891
284,-365.183533
285,-85.9315974
286,-433.6428145
287,-57.07831467
288,-167.4432057
289,-156.5032489
290,-157.1908039
291,-167.7464546
292,-121.6878348
293,-376.5671429
294,-25.6283327
295,-206.8271403
296,-143.033061
297,-126.9845072
298,-531.4938495
299,-421.5962428
300,-79.12011689
301,-244.5075066
302,-89.9270481
303,-299.0224996
304,-165.4411907
305,-221.9215646
306,-131.8714516
307,-469.1134541
308,-149.5646833
309,-93.56672479
310,-315.0015224
311,-2.448417551
312,-123.2654266
313,-375.7763901
314,-58.22083261
315,-139.2646496
316,-74.5916729
317,-311.8282801
318,-18.98225427
319,-312.3406125
320,-343.7743299
321,-154.8686597
322,-313.9411072
323,-109.1767851
324,-248.964841
325,-34.05701279
326,-268.2871333
327,-246.0895288
328,-151.0319316
329,-261.6653171
330,-232.6537107
331,-246.6621546
332,-103.2958699
333,-146.6647027
334,-86.18255895
335,-158.0489655
336,-167.0482232
337,-363.1478145
338,-264.450824
339,-487.1560247
340,-126.1979628
341,-260.5877132
342,-72.38099072
343,-171.2818922
344,-346.9760862
345,-157.9457646
346,-189.7632766
347,-186.0462834
348,-321.2134314
349,-334.8522822
350,-156.2013609
351,-209.3439252
352,44.98807273
353,-14.99053648
354,-169.7052429
355,-100.0102408
356,-231.8206725
357,-451.1109896
358,-85.56329376
359,-139.7741937
360,-84.54490632
361,-237.6986186
362,-119.867834
363,-257.3151171
364,-134.4281025
365,-181.6951336
366,-273.0193299
367,-315.2130482
368,-106.2371018
369,-91.6894995
370,-216.0051687
371,-296.8973879
372,-273.322751
373,-336.1693456
374,-132.7986811
375,-207.7523292
376,-104.9097931
377,-145.0493064
378,-111.2621559
379,-172.5438939
380,-91.62512868
381,-301.9646033
382,-173.5574057
383,-96.01311137
384,-98.28433292
385,-295.928093
386,-138.4108456
387,-233.0639576
388,-365.064254
389,-101.3536427
390,-94.75743263
391,-102.0162312
392,-140.5596285
393,-126.6478796
394,-137.4377406
395,-123.2312721
396,-342.4342267
397,-106.1640343
398,-91.09732132
399,-106.8033854
400,-6.868395761
401,-101.6030889
402,-146.8975733
403,-76.78450874
404,-204.6647798
405,-243.9703112
406,-107.3756223
407,-135.5720142
408,-380.6219291
409,-110.8450601
410,-277.2195746
411,-200.5441127
412,-93.20153453
413,-244.1941537
414,-66.33325176
415,-108.3034245
416,-276.2923696
417,-79.29936439
418,-18.892142
419,-82.40895289
420,-163.0818631
421,-366.5719052
422,-87.06349111
423,-390.9457974
424,-220.1508538
425,-179.6954473
426,-109.3757439
427,-113.2834719
428,-149.8020436
429,-84.9096706
430,-345.2322444
431,-241.5116084
432,-92.29725662
433,-236.647715
434,-111.0836824
435,-125.8502405
436,-170.1382822
437,-63.51788667
438,-427.2456351
439,-235.889978
440,-26.47476894
441,-242.2196216
442,-92.66698542
443,-91.67034606
444,-317.5782593
445,-104.1901759
446,-89.96932098
447,-371.0598937
448,-59.34240866
449,-419.125413
450,-106.3806824
451,-326.8091087
452,-383.9641836
453,-84.12552631
454,-454.7603682
455,-52.53117175
456,-196.3640688
457,-240.3935262
458,-402.0236947
459,-233.9134271
460,-114.3802773
461,-210.9284583
462,-120.872113
463,-365.7630468
464,-124.572696
465,-119.777327
466,-361.2542793
467,-113.5447834
468,-281.2631597
469,-187.8359754
470,-99.01535522
471,-159.1935756
472,-226.7110066
473,-91.82216739
474,-213.8654542
475,-110.0871536
476,-199.8330307
477,-91.34824553
478,-36.02886585
479,-79.98314417
480,-271.768964
481,-371.4083251
482,-112.1211931
483,-410.5576921
484,-152.2712304
485,-61.48936681
486,-149.9281784
487,-449.5737276
488,-303.4875
489,-36.40006045
490,-111.2740862
491,-497.4682183
492,-150.4084608
493,-83.99949719
494,-128.7228398
495,-80.4852138
496,-123.6900591
497,-258.5282357
498,-125.1388724
499,-179.3781242
500,-78.56764439
501,-122.088186
502,-73.67208325
503,-131.776228
504,-336.1211377
505,-352.5276509
506,-26.03754877
507,-157.3513691
508,-109.9317395
509,-101.4780804
510,-292.0825685
511,-364.0695492
512,-328.7900961
513,-114.5372577
514,-99.98721295
515,-124.7509078
516,-224.7045527
517,-123.818686
518,-60.43476822
519,-266.7258695
520,-187.591901
521,-134.2949226
522,-92.99250149
523,-132.0520913
524,-132.9104427
525,-345.8573841
526,-110.0078101
527,-124.1572926
528,-425.1356802
529,-365.0233864
530,-408.2129673
531,-531.2846687
532,-118.8463265
533,-104.6443061
534,-234.6323075
535,-162.8501126
536,-387.6580814
537,-292.1005625
538,-100.3261583
539,-153.0268983
540,-326.1738778
541,-193.0989626
542,-158.5772121
543,-382.0341831
544,-82.43363671
545,-132.3824955
546,-378.5652677
547,-120.3932295
548,-231.4630866
549,-211.424416
550,-268.8247989
551,-105.4345708
552,-119.6563184
553,-183.4059696
554,-123.1864175
555,-150.7405597
556,-121.6060519
557,-127.9599398
558,-41.52419584
559,-106.1391506
560,-250.2289559
561,-239.639745
562,-62.74748421
563,-23.58555982
564,13.6160405
565,-134.3871287
566,-2.756559822
567,-193.12832
568,-53.40405864
569,-153.7267029
570,-322.3394903
571,-269.9658033
572,-126.213323
573,-102.9321995
574,-110.497727
575,-286.0101949
576,-364.4317522
577,-133.2426023
578,-347.6510847
579,-27.94516721
580,-312.0864986
581,-505.6667657
582,-201.663285
583,-75.58360611
584,-87.03862927
585,-376.8165718
586,-248.7991523
587,-101.2679028
588,-255.7583963
589,-168.3870619
590,-329.8141472
591,-289.7433205
592,-291.5507042
593,-153.8364714
594,-93.01622643
595,-116.0296502
596,-93.93646112
597,-102.0411019
598,-384.3598497
599,-126.8761462
600,-130.9498704
601,-225.1720373
602,-431.7295617
603,-144.8059145
604,-102.2114502
605,-192.2695882
606,-79.64019018
607,-200.5511989
608,-217.2167
609,-187.7721003
610,-86.71885476
611,-365.596483
612,-85.56721961
613,-196.2234414
614,-387.7163656
615,-132.3491357
616,-133.8267727
617,-124.4725081
618,-284.797668
619,-435.0004288
620,-275.7897158
621,-183.1694571
622,-104.3250229
623,-208.1943954
624,-207.2589679
625,-184.8656214
626,-327.2258486
627,-64.94862015
628,-83.24270812
629,-67.59013478
630,-368.7260751
631,-61.15947124
632,-84.27262508
633,-179.7581957
634,-122.0908032
635,-400.2337153
636,-118.745307
637,-193.2849905
638,-149.0506078
639,-57.73083484
640,-119.7590404
641,-244.0484148
642,-221.0045911
643,-321.2716266
644,-101.6756293
645,4.310784076
646,-144.4007408
647,-218.1805607
648,-111.3933359
649,-129.5101167
650,-127.9438392
651,-356.4420009
652,-70.01114602
653,-282.4672815
654,-88.95928781
655,-196.9873939
656,-131.3788348
657,-264.4295085
658,-96.52154202
659,-109.109756
660,-191.3173349
661,-223.4555567
662,-320.715975
663,-74.81822798
664,-242.9001887
665,-89.45805725
666,-125.8220495
667,-83.52963416
668,-64.91542785
669,-112.6115217
670,-345.2522175
671,-73.23409283
672,-364.3076213
673,-92.44449752
674,-394.8169534
675,-175.2914496
676,-404.1700808
677,-259.3450215
678,-108.8090303
679,-152.9030817
680,-103.6507629
681,-425.0506699
682,-358.7292865
683,-216.0146764
684,-144.9605225
685,-312.250899
686,-121.7098694
687,-132.5576179
688,-260.9071429
689,-133.9149076
690,-186.3508659
691,-100.3589298
692,-448.6282278
693,-83.74319492
694,-282.4866244
695,-77.40705884
696,-600.9734597
697,-378.9820602
698,-113.60213
699,-176.5915417
700,-196.1148826
701,-128.2331089
702,-144.9541239
703,-166.76146
704,-280.8598517
705,-78.02512157
706,3.119344421
707,-103.0107053
708,-378.9369669
709,-87.50932276
710,-93.61388355
711,-165.5553204
712,-131.9531089
713,-111.6040257
714,-170.3749427
715,-122.1004642
716,-75.6403335
717,-135.5034424
718,-118.0775486
719,-208.6418571
720,-162.9781093
721,-112.4937788
722,-112.4897859
723,-125.7809393
724,-100.611939
725,-94.30826425
726,-516.2769565
727,-391.1005789
728,-121.4591681
729,-203.8058058
730,-84.20944919
731,-125.5713088
732,-81.9413198
733,-179.7135308
734,-98.04688018
735,-66.10160773
736,-142.3191997
737,-267.5247261
738,-255.1613717
739,-157.1104231
740,-444.5716106
741,-94.72466482
742,-115.3589665
743,-102.5964764
744,-163.9469633
745,-125.9777648
746,-410.312649
747,-394.5035611
748,-203.9296423
749,-364.105253
750,-159.3552835
751,-411.1247193
752,-329.48916
753,-78.78446313
754,-180.5083176
755,-94.0625734
756,36.13426009
757,-230.7419281
758,-233.0422265
759,-160.8539858
760,-242.7170695
761,-121.9217664
762,-64.63842869
763,-15.65018022
764,-101.7163685
765,-302.6416546
766,-223.1775549
767,-126.0774824
768,-397.7453453
769,-185.5610641
770,-456.189681
771,-153.2996131
772,-320.7668146
773,-135.1656255
774,-490.9092182
775,-222.8072847
776,-166.8192298
777,-222.0477764
778,-91.4835073
779,-372.2633394
780,-243.9287427
781,-140.2319918
782,-147.713677
783,-241.0159444
784,-149.8546796
785,-465.0761071
786,-316.4179657
787,-60.27539337
788,-97.02367707
789,-222.4194538
790,-58.29303678
791,-231.6160083
792,-340.7951131
793,-462.9988263
794,-94.4430727
795,-406.7509153
796,-98.84655441
797,-57.29635135
798,-248.7016272
799,-167.2511283
800,-52.43034627
801,-208.8861663
802,-83.77184665
803,-83.51484077
804,-152.7653863
805,-100.8052276
806,-191.32172
807,-104.1686281
808,-157.247352
809,-106.272667
810,-387.1210791
811,-395.0960325
812,-82.96662064
813,-355.282497
814,-144.4339898
815,-147.4238317
816,-130.9948393
817,29.74169779
818,-232.6435051
819,-77.15031619
820,-120.855969
821,-218.1975362
822,-248.8429238
823,-353.234786
824,-323.9934643
825,-320.4229248
826,-314.7020252
827,-181.6962692
828,-119.1377943
829,-121.1459581
830,-63.87575398
831,-405.9309055
832,-266.9837843
833,-215.6876131
834,-115.2277596
835,-212.2111206
836,-384.5500171
837,-133.1224669
838,-196.2819736
839,-121.0745872
840,-62.99064738
841,-133.0423874
842,-484.144767
843,-108.9641616
844,-401.0046546
845,-110.4992896
846,-100.3956417
847,-155.8021547
848,-378.4948253
849,-119.7539201
850,-147.6975632
851,-81.03792767
852,-244.943176
853,-187.0098243
854,-146.096756
855,-323.3447373
856,-87.01846606
857,-286.8948038
858,-315.3972008
859,-50.7119056
860,-132.5759736
861,-227.0401953
862,-137.6553578
863,-14.7087573
864,-136.8778368
865,-308.6898913
866,-153.9866846
867,-157.7294423
868,-152.0848947
869,-101.6444678
870,-70.27442305
871,-172.5136604
872,-148.1472479
873,-294.7024721
874,-271.50816
875,-103.4557239
876,-115.2747945
877,-150.7493855
878,-311.0244999
879,-450.349367
880,-275.3902684
881,-106.9405389
882,-204.0689912
883,-198.2137123
884,-202.9716132
885,-120.9287226
886,-359.1326386
887,-510.8882377
888,-326.6420714
889,-495.0477781
890,-144.864787
891,-107.6539937
892,-229.0355369
893,-87.80638398
894,-312.6852808
895,-94.44799082
896,-152.7481634
897,-85.55020742
898,-200.9686544
899,-45.80379748
900,-63.46934897
901,-116.2116383
902,-163.424317
903,-297.4651464
904,-78.99665915
905,-76.09413751
906,-102.6531097
907,-236.233773
908,-299.6991725
909,-71.59717753
910,-208.5151121
911,-352.8325504
912,-97.01116026
913,-231.3169445
914,-105.1545955
915,-329.7186416
916,-125.3845399
917,-598.5226816
918,-106.019573
919,-227.0451181
920,-292.3365114
921,-89.96380489
922,-88.81372538
923,-264.4951339
924,-237.7123958
925,-129.9132268
926,-297.7042594
927,-327.1511067
928,-56.54803811
929,-200.4216447
930,-399.7402832
931,-264.0195843
932,-160.6469716
933,-491.0090963
934,-133.4524224
935,-189.6144165
936,-298.7224034
937,-132.0318743
938,-129.0624812
939,-326.8878394
940,-161.6756352
941,-233.9787497
942,-149.8614993
943,-229.0925521
944,26.33570697
945,-232.1645752
946,-215.4952354
947,-430.8292845
948,-129.3118317
949,-209.4020061
950,-126.9000075
951,-160.4597602
952,-159.4059365
953,-114.008494
954,-183.2330077
955,-216.45195
956,-105.5815314
957,-135.34859
958,-200.1924531
959,-124.4709234
960,-332.9153676
961,-99.85523945
962,-149.2672514
963,-45.59929885
964,-134.0859958
965,-369.7900823
966,-345.3194456
967,-250.9699272
968,-321.5255503
969,-114.1272822
970,-152.3696947
971,-195.2830616
972,-151.2920727
973,-20.08810663
974,-125.853825
975,-338.1803266
976,-116.1869864
977,-254.9512263
978,-123.7291302
979,-115.2757092
980,-214.513201
981,-294.885895
982,-100.2409373
983,-162.3162013
984,-330.1248048
985,-114.5561114
986,-243.0980081
987,-202.78096
988,-150.2003084
989,-112.0263394
990,-106.6825478
991,-280.9674278
992,-329.0664668
993,-118.8866999
994,-206.6429544
995,-380.0072574
996,-226.6639288
997,-428.7388628
998,-153.8542058
999,-344.901048
1000,-52.60695939
1001,-199.1327433
1002,-132.3000919
1003,-368.9592879
1004,-209.1906681
1005,29.43667706
1006,-137.8759155
1007,-94.52610923
1008,-339.4285698
1009,-270.2774178
1010,-105.371972
1011,-183.1060747
1012,-318.6113351
1013,-136.9753508
1014,-106.7788528
1015,-118.3589373
1016,-200.6391981
1017,-146.460792
1018,-215.2093839
1019,-457.5612045
1020,-220.3015643
1021,-222.7429964
1022,-81.34229142
1023,-129.4060299
1024,-219.4168789
1025,-143.4471559
1026,-179.4379141
1027,-245.3313903
1028,-54.65462825
1029,-104.1556031
1030,-268.1718113
1031,-386.7454038
1032,-283.4372973
1033,-92.70764501
1034,-264.3084004
1035,-176.6676193
1036,-487.2746811
1037,-139.8560134
1038,-91.01991808
1039,-66.53751203
1040,-138.0660323
1041,-88.55347363
1042,-165.3529947
1043,-312.9568993
1044,-312.0470526
1045,-174.8311408
1046,-194.7785341
1047,-108.825375
1048,-64.74960552
1049,-93.66944804
1050,-220.8818186
1051,-270.3842234
1052,-236.2581703
1053,-125.8623799
1054,-103.6443254
1055,-149.2710577
1056,-314.0804451
1057,-256.2982851
1058,-146.503876
1059,-62.22764167
1060,-332.9073361
1061,-231.6629731
1062,-77.78330728
1063,-200.249147
1064,-195.9398295
1065,-213.3517815
1066,-163.6596685
1067,-396.9054473
1068,-199.9173083
1069,-128.8750606
1070,-326.702615
1071,-135.1918237
1072,-112.0431951
1073,-114.6824207
1074,-90.2624168
1075,-463.8752281
1076,-89.91658973
1077,-133.3590756
1078,-32.5312091
1079,-103.3883192
1080,-114.1365029
1081,-147.1948225
1082,-291.1536227
1083,-342.6010275
1084,-151.1008172
1085,-58.30166234
1086,-129.3308297
1087,-107.0422066
1088,-352.8233454
1089,-378.6728258
1090,-316.134743
1091,-291.6626951
1092,-142.1932698
1093,-31.41724954
1094,-228.0881788
1095,-78.88840359
1096,-224.2438499
1097,-393.4399974
1098,-77.57708914
1099,-86.85360206
1100,-87.60495176
1101,-123.9098353
1102,-281.986284
1103,-169.2883098
1104,-136.0970011
1105,-73.4203102
1106,-29.35599904
1107,-111.2700477
1108,-155.4402738
1109,-122.7267622
1110,-121.8926421
1111,-218.8684824
1112,-168.1070263
1113,-317.5754329
1114,-98.01502573
1115,-96.26767911
1116,-159.5215611
1117,-178.330554
1118,-156.8729641
1119,-235.0811683
1120,-132.4683848
1121,-434.2919047
1122,-173.5357849
1123,-235.075138
1124,-315.3956272
1125,11.96881553
1126,-329.2193799
1127,-145.6635759
1128,-187.5862223
1129,-117.5154289
1130,-73.5921227
1131,-412.1681179
1132,-133.0332396
1133,-103.7905078
1134,-321.0359985
1135,-110.689545
1136,-496.022997
1137,-175.6126201
1138,-48.52705498
1139,-300.7720564
1140,-107.5893213
1141,-107.9265126
1142,-108.4694678
1143,-199.0281814
1144,-247.8594081
1145,-233.1690764
1146,-197.4788688
1147,-595.9152859
1148,-231.2557587
1149,-113.4154441
1150,-167.6608032
1151,-281.7680834
1152,-94.99178165
1153,-86.53127736
1154,-13.31494322
1155,-114.2776341
1156,-29.84226811
1157,-147.5658618
1158,-623.8689896
1159,-277.4118203
1160,-141.0308758
1161,-140.0372254
1162,-99.80414782
1163,-142.5324697
1164,-79.13959324
1165,-98.01029897
1166,-466.5476558
1167,-57.64184985
1168,-55.01232047
1169,-188.4414562
1170,-252.366882
1171,-250.84015
1172,-55.27097584
1173,17.49252522
1174,-69.01789649
1175,-101.4940027
1176,-142.3575297
1177,-74.86949526
1178,-471.8408473
1179,-95.31879354
1180,-111.5896464
1181,-64.91917484
1182,-246.7696442
1183,-139.802328
1184,-200.364862
1185,-193.9316648
1186,-137.2485116
1187,-97.58680257
1188,-505.1804222
1189,-310.3093798
1190,-381.8326531
1191,-181.4507782
1192,-98.97864823
1193,-212.1876249
1194,-76.64947312
1195,-121.4647755
1196,-165.9607558
1197,-183.7391521
1198,-95.11444029
1199,-60.17764588
1200,-463.218404
1201,-447.7530255
1202,-357.6274882
1203,-408.0197415
1204,-155.4927177
1205,-533.7347682
1206,-131.7965901
1207,-121.4771099
1208,-348.5454892
1209,-300.9119327
1210,-212.1052866
1211,62.51340449
1212,-208.1781698
1213,-338.8160531
1214,-179.0043062
1215,-141.3625915
1216,-96.89597139
1217,-566.8209243
1218,-140.1147974
1219,-100.7267164
1220,-152.7044553
1221,-49.89935138
1222,-108.3350683
1223,-161.1565469
1224,-111.8858553
1225,-167.3581561
1226,-93.42168075
1227,-63.78453879
1228,-94.66470005
1229,-260.5021731
1230,-238.0940826
1231,-247.3294178
1232,-199.8313512
1233,-84.56024551
1234,-59.83274121
1235,-63.22917065
1236,-166.5634816
1237,-107.278631
1238,-102.4430145
1239,-169.7035576
1240,-80.6627116
1241,-240.144124
1242,-134.5601649
1243,-128.4781929
1244,-261.5023372
1245,-206.0301718
1246,-56.08681771
1247,-209.8335398
1248,-117.7866446
1249,-237.8412852
1250,-347.3240621
1251,-152.8898202
1252,-112.7978258
1253,-172.8174314
1254,-112.6059134
1255,-151.7395291
1256,-144.4131088
1257,-186.477088
1258,-277.1044328
1259,-309.0217921
1260,-82.40282212
1261,-154.1846164
1262,-164.7520232
1263,-107.7559502
1264,-313.0684162
1265,-212.6952804
1266,-362.4884078
1267,-327.6759836
1268,-257.291776
1269,-178.3045943
1270,-546.9497565
1271,-94.30933549
1272,-107.424815
1273,-97.31995504
1274,-127.6307352
1275,-15.88753376
1276,-76.00462675
1277,-293.5880516
1278,-117.1108203
1279,-131.4783179
1280,-68.90917753
1281,-72.87720953
1282,-104.7257283
1283,-344.8165683
1284,-119.7277196
1285,-83.32560656
1286,-233.359099
1287,-218.8616604
1288,-102.7156716
1289,-104.9662346
1290,-146.6218609
1291,-82.28927923
1292,-388.7791728
1293,-132.8445119
1294,-159.0035039
1295,-92.48238
1296,-132.0300849
1297,-140.3039665
1298,-114.5537104
1299,-114.4660861
1300,-399.7988187
1301,-58.87184629
1302,-50.3574427
1303,-244.5630842
1304,-207.0019694
1305,-400.4190683
1306,-420.8399044
1307,-150.7951687
1308,-265.8576387
1309,-92.70545009
1310,-81.30879088
1311,-110.9670755
1312,-199.4325224
1313,-119.7788379
1314,-267.120851
1315,-218.0714191
1316,-156.3431504
1317,-273.3796699
1318,-98.05384705
1319,-136.5529388
1320,-236.9046523
1321,-202.2097664
1322,-436.7540543
1323,-51.75573729
1324,-92.52401253
1325,-215.5898662
1326,-338.1943348
1327,-110.8226182
1328,-169.95059
1329,-17.29400661
1330,-194.8590803
1331,-282.0696643
1332,-114.8436931
1333,-459.8858573
1334,-67.95636419
1335,-154.9143582
1336,-562.4665839
1337,-250.0338729
1338,-228.8860591
1339,-184.8210858
1340,-272.8079538
1341,-134.4184182
1342,-280.5160259
1343,-42.01617172
1344,-92.87364943
1345,-87.49162929
1346,-263.0534259
1347,-152.9637338
1348,-394.9446836
1349,-212.0352252
1350,-74.60006696
1351,-107.4490567
1352,-91.4675951
1353,-397.9841665
1354,-199.0312481
1355,-204.4698992
1356,-125.959983
1357,-110.0827429
1358,-159.7071682
1359,-176.3689299
1360,-418.5529797
1361,-86.4787373
1362,-203.2031086
1363,-161.7344746
1364,-255.8882844
1365,-167.4853338
1366,-127.3608758
1367,-133.6069267
1368,-376.8375994
1369,-94.90726214
1370,-115.0240793
1371,-134.9705161
1372,-107.3306089
1373,-205.9717325
1374,-400.1075129
1375,-28.47934474
1376,-156.2196143
1377,-98.42195508
1378,-145.7970591
1379,-149.8325791
1380,-103.790001
1381,-112.5621656
1382,-274.6856715
1383,-97.90044921
1384,-97.12297282
1385,-86.43853185
1386,-86.20996698
1387,-196.7087506
1388,-249.6393726
1389,-135.3139912
1390,-135.8417651
1391,-109.8330236
1392,-322.0660798
1393,-430.7969846
1394,-122.1219899
1395,-477.6248507
1396,-131.6012076
1397,-247.1141673
1398,-105.7529933
1399,-152.0641107
1400,-143.4657238
1401,-81.83550568
1402,-404.2412436
1403,-95.98132995
1404,-216.0361208
1405,-143.6802343
1406,-266.0934065
1407,-174.0456622
1408,-98.60062079
1409,-11.42374279
1410,-340.5186508
1411,-339.6658608
1412,-365.3869412
1413,-189.0492026
1414,-104.2632706
1415,-222.951583
1416,-145.177205
1417,-284.851857
1418,-89.40943765
1419,-308.75377
1420,-80.49183653
1421,-85.26896299
1422,-128.1563757
1423,-288.7026038
1424,-92.65804775
1425,-371.939699
1426,-78.92012857
1427,-240.1118034
1428,-11.55835582
1429,-149.8723382
1430,-368.425624
1431,-132.5822263
1432,-120.1257254
1433,-120.4468005
1434,-120.7241133
1435,-156.3664938
1436,-223.1578064
1437,1.730670122
1438,-266.2083335
1439,-107.4984201
1440,-279.0778904
1441,-178.2219951
1442,-85.02221474
1443,-137.7733747
1444,-164.4461827
1445,-3.64512602
1446,-83.94197173
1447,-426.3313342
1448,-67.14744949
1449,-99.48268819
1450,-75.11890833
1451,-231.9544256
1452,-161.261211
1453,-250.6799509
1454,-152.152177
1455,-183.0177237
1456,-109.1586042
1457,-87.86146864
1458,-97.55623547
1459,-138.7269229
1460,-89.36062395
1461,-216.834743
1462,-128.0719071
1463,-89.92541862
1464,-75.14138263
1465,-171.9625058
1466,-129.2474628
1467,-338.7701074
1468,-197.5645531
1469,-301.72157
1470,-291.2621163
1471,-173.616098
1472,-13.46915343
1473,-153.8099903
1474,-106.8096874
1475,-329.1109705
1476,-452.0763359
1477,-97.23242541
1478,64.40693235
1479,-141.3228858
1480,-451.0124095
1481,-123.7401521
1482,-133.8777205
1483,-77.34851897
1484,-127.4629204
1485,-167.264967
1486,-451.4673374
1487,-160.9052347
1488,-63.76121423
1489,-423.9493058
1490,-108.7479811
1491,-300.5823732
1492,-34.29919493
1493,-103.4538298
1494,-317.4898296
1495,-208.2632774
1496,-144.2247951
1497,-126.3308704
1498,-165.3519436
1499,-115.9527576
1500,-145.8917962
1501,-259.8008404
1502,-83.79269084
1503,-177.0937335
1504,-90.74924482
1505,-119.4753121
1506,-89.51397801
1507,-133.3846477
1508,-217.2185373
1509,-214.7785397
1510,-111.3547909
1511,-65.49457892
1512,-312.6712139
1513,-441.5545561
1514,-203.8916842
1515,-244.1423553
1516,-165.9671339
1517,-283.8363444
1518,-131.0327208
1519,-84.31084574
1520,-124.389946
1521,-263.646286
1522,61.1037316
1523,-312.1137943
1524,-175.7097499
1525,-307.2389507
1526,-134.2315055
1527,-155.1320392
1528,-90.18021953
1529,-68.90223511
1530,-127.6988409
1531,-185.903328
1532,-78.85482034
1533,-153.6505707
1534,-260.7357827
1535,-197.2772652
1536,-181.6660082
1537,-127.0229645
1538,-104.1918336
1539,-389.4737436
1540,-291.4732922
1541,-71.76325895
1542,-80.47834352
1543,-222.1772461
1544,-114.3957145
1545,-370.4773952
1546,-73.35689964
1547,-151.0812645
1548,-476.7474876
1549,-144.2897382
1550,-128.8358896
1551,-231.9464881
1552,-299.6053688
1553,-16.61552802
1554,-95.71129462
1555,-240.121587
1556,-267.0137185
1557,-196.5417621
1558,-413.6644881
1559,-80.59216891
1560,-131.1860386
1561,-249.6521181
1562,-266.884817
1563,-319.6539564
1564,-213.2094015
1565,-118.1932923
1566,-111.2240008
1567,-89.90709219
1568,-218.660728
1569,-118.9269361
1570,-40.31176325
1571,-78.17518756
1572,-490.6040783
1573,-101.2766823
1574,-185.3350013
1575,-82.14961392
1576,-198.6555059
1577,-68.12401878
1578,-136.3754077
1579,-156.9347262
1580,-116.0599906
1581,-233.8603867
1582,-102.0744234
1583,-388.256627
1584,-99.02206537
1585,-341.3164287
1586,-142.6458249
1587,-72.92058421
1588,-93.2784341
1589,-109.5133772
1590,-115.0772704
1591,-89.34328991
1592,-165.7488876
1593,-120.564748
1594,-113.7597787
1595,-113.3070313
1596,-105.5366718
1597,-451.6678519
1598,-349.4806571
1599,-257.0835686
1600,-150.4490103
1601,-106.3611842
1602,-132.0320913
1603,-68.07438971
1604,-129.2430981
1605,-140.4005547
1606,-381.7476767
1607,-357.4090293
1608,-124.6900131
1609,-160.3816806
1610,-128.082428
1611,-114.9166868
1612,-96.33037012
1613,-131.9653879
1614,-410.7959092
1615,-123.1655944
1616,-184.8169893
1617,-408.9033949
1618,-98.57184043
1619,-11.42998045
1620,-83.64352567
1621,-244.7460887
1622,-150.8304037
1623,-113.3470989
1624,-118.0744488
1625,-105.7208629
1626,-119.240473
1627,-173.8490942
1628,-233.1246522
1629,-233.3408268
1630,-206.7762694
1631,-257.4554047
1632,-101.8249304
1633,-302.7193024
1634,-94.11136579
1635,-287.8520488
1636,-251.8022943
1637,-327.1169865
1638,-107.5166696
1639,-150.3650336
1640,-253.3743327
1641,-365.5580841
1642,-115.2451122
1643,-96.40080503
1644,-67.4615667
1645,-215.2882684
1646,-254.3500493
1647,-87.37815878
1648,-61.34342879
1649,-240.2454757
1650,-259.1022573
1651,-152.2907559
1652,-101.309509
1653,-103.4259503
1654,-69.73703391
1655,-420.3987568
1656,-350.3995204
1657,-65.01792371
1658,-97.15427391
1659,-120.3347225
1660,-53.18629088
1661,-361.8367746
1662,-308.7404375
1663,-275.1140805
1664,-488.4503058
1665,-141.0905699
1666,-104.5444473
1667,-341.5458516
1668,-94.5238763
1669,-81.39179453
1670,-132.9922676
1671,-69.80850474
1672,-87.81879104
1673,-86.96514056
1674,-207.2491538
1675,-254.1320824
1676,-324.7071956
1677,-412.8782731
1678,-230.847335
1679,-175.0968448
1680,-273.686825
1681,-84.31322086
1682,-247.77068
1683,-232.8933129
1684,-231.7051616
1685,-214.0610703
1686,-440.7613927
1687,-240.7398476
1688,-301.4474171
1689,-219.938963
1690,-166.5291719
1691,-242.8670097
1692,-146.1531538
1693,-247.5848465
1694,-135.8779308
1695,-214.5471688
1696,-414.3318237
1697,-124.541788
1698,-136.234539
1699,-205.7679422
1700,-105.848082
1701,-142.2649035
1702,-109.8519843
1703,-103.1978124
1704,-403.4389888
1705,-346.0824479
1706,-321.3437559
1707,-104.4708296
1708,-94.91405617
1709,-90.18992896
1710,-224.6282277
1711,13.23690938
1712,-118.4594218
1713,-26.03420056
1714,-274.2155512
1715,-137.7745829
1716,-167.4145108
1717,-147.2866455
1718,-281.3568681
1719,-423.1399284
1720,-196.4155457
1721,-220.1902689
1722,-146.3097855
1723,-250.3099143
1724,-249.4774283
1725,-126.1426276
1726,-124.5594559
1727,-8.657210563
1728,-344.7607295
1729,-238.9596489
1730,-234.6431379
1731,-304.3460873
1732,-226.4862195
1733,-128.4805236
1734,-118.6871304
1735,-113.3286732
1736,-312.7135709
1737,-252.52369
1738,-185.5454575
1739,-77.43686132
1740,-198.2354177
1741,-150.3847696
1742,-126.8630486
1743,-77.62339932
1744,-116.3662195
1745,-113.2081087
1746,-430.3846636
1747,-128.5840071
1748,-120.127012
1749,-158.7848175
1750,-209.0767372
1751,-94.03388836
1752,-242.5515152
1753,-83.48143193
1754,-341.2144375
1755,-73.14980475
1756,-102.7741911
1757,-112.0602225
1758,-314.0840775
1759,-153.3806187
1760,-260.7819007
1761,-8.077143631
1762,-324.1915614
1763,-144.5367116
1764,-419.5387469
1765,-123.2248833
1766,-368.1928604
1767,-219.3469891
1768,-323.3653319
1769,-391.3477662
1770,-171.0185153
1771,-88.29504729
1772,-143.1535516
1773,-103.4907044
1774,-209.81359
1775,-209.8231982
1776,-129.8970533
1777,-223.4821287
1778,-293.5180922
1779,-263.5772814
1780,-21.9396532
1781,-20.71265365
1782,-207.16218
1783,-93.79134063
1784,-88.23390322
1785,-173.6047526
1786,-99.72297427
1787,-368.8401466
1788,-358.3556551
1789,-350.5809756
1790,-127.2762723
1791,-372.803803
1792,-348.611256
1793,-56.0964563
1794,-137.4814296
1795,-208.4116859
1796,-95.09255257
1797,-148.8739713
1798,-126.0125057
1799,-139.3605273
1800,-84.47652439
1801,-81.8069903
1802,-128.6272149
1803,-301.1215713
1804,-185.8428517
1805,-73.0626385
1806,-264.6303156
1807,-118.3178262
1808,-269.344373
1809,-245.8665362
1810,-81.04006376
1811,-366.6843584
1812,-127.7293099
1813,-73.21122897
1814,-57.13814375
1815,51.66142359
1816,-246.8451949
1817,-96.7603186
1818,-52.84342062
1819,-219.6683667
1820,-58.11888191
1821,-91.02856116
1822,-242.4600042
1823,-120.7375003
1824,-110.867216
1825,-339.0458437
1826,-110.7847337
1827,-77.02789873
1828,-372.2828814
1829,-280.1362586
1830,-155.8182951
1831,-99.22032182
1832,-239.3358393
1833,-47.00522694
1834,-145.933977
1835,-122.8404731
1836,-181.312446
1837,-458.8356705
1838,-270.1641146
1839,-134.455149
1840,-171.2091267
1841,-146.2561808
1842,-74.32056447
1843,-114.2462605
1844,-95.62302841
1845,-58.78023518
1846,-162.6143831
1847,-250.2194197
1848,-62.38396222
1849,-116.816006
1850,-492.3525327
1851,-114.9795036
1852,-329.590311
1853,-181.555686
1854,-404.4381464
1855,-79.54528428
1856,-146.2366656
1857,-107.1012054
1858,-76.96459742
1859,-238.4765719
1860,-78.95402011
1861,-108.4392569
1862,-337.5428795
1863,-163.5158407
1864,-109.7619419
1865,-146.3557431
1866,-85.03274301
1867,-231.2880198
1868,-134.9273241
1869,-286.8131026
1870,-126.2238353
1871,-70.96613191
1872,-110.4779187
1873,-124.8832348
1874,-149.8477758
1875,-106.5862054
1876,-363.7408627
1877,-170.3393234
1878,-73.86363499
1879,-183.7803138
1880,-344.0045408
1881,-179.3352278
1882,-131.2207031
1883,-77.00032134
1884,-110.6856069
1885,-148.1875174
1886,-149.8804978
1887,-91.63559105
1888,-114.8475953
1889,-236.5453427
1890,-122.7305569
1891,-273.6702233
1892,-199.4838057
1893,-244.3029051
1894,-82.39067322
1895,-238.0871354
1896,-99.87148716
1897,-99.89189073
1898,-293.2287698
1899,-441.7930348
1900,-255.7352151
1901,-458.9271436
1902,-72.28226516
1903,-82.85566402
1904,-134.7694968
1905,-107.14511
1906,-376.5423991
1907,-138.903533
1908,-66.7323934
1909,-406.7356877
1910,-241.2547371
1911,-292.6615595
1912,-172.4015303
1913,-110.5548553
1914,-63.98506759
1915,-152.4823353
1916,-128.6463699
1917,-86.14065076
1918,-64.52544145
1919,-93.91022217
1920,-107.4534367
1921,-154.1065163
1922,-139.2619974
1923,-136.5830148
1924,-98.58133095
1925,-124.9759902
1926,-133.7438392
1927,-202.6037626
1928,-104.829548
1929,-121.1829679
1930,-109.6239567
1931,-368.9270216
1932,-326.7737647
1933,-183.0519107
1934,-144.7516179
1935,-230.9287945
1936,-123.0223655
1937,-116.7827138
1938,-82.71661376
1939,-109.8442198
1940,-281.7691168
1941,-82.69591158
1942,-156.198516
1943,-273.5637269
1944,-99.29878165
1945,-397.7267504
1946,-108.3781161
1947,-152.754788
1948,-74.50514661
1949,-95.10374494
1950,51.15021274
1951,-307.0077525
1952,-150.2421865
1953,-374.9657511
1954,-101.8464712
1955,-335.1944453
1956,-440.4036974
1957,-199.4795838
1958,-242.6561192
1959,-47.65767567
1960,-386.6476352
1961,-17.55498223
1962,-486.1052212
1963,-59.75613103
1964,-111.9836484
1965,-126.3889876
1966,-254.1344418
1967,-197.6679184
1968,-353.5426376
1969,-119.3226707
1970,-90.73810475
1971,-117.7087051
1972,-264.6912676
1973,-124.6901466
1974,-387.2452144
1975,-440.6923366
1976,-122.9602538
1977,-94.06479624
1978,-121.9766493
1979,-11.08669416
1980,-84.72291219
1981,-173.9282217
1982,-84.26303747
1983,6.35919954
1984,-82.9540112
1985,-98.13576984
1986,-202.3374542
1987,-185.5280941
1988,-222.779973
1989,-462.0152949
1990,-253.8846179
1991,-63.45597937
1992,-150.875348
1993,-338.957173
1994,-113.4579492
1995,-108.4122207
1996,-257.167964
1997,-276.4429319
1998,-195.4821894
1999,-344.4696507
2000,-91.0476198
2001,-76.52203878
2002,-101.0430573
2003,-315.6594808
2004,-192.4045977
2005,-102.5666617
2006,-358.4245852
2007,-186.7736483
2008,-116.2335325
2009,-280.1797519
2010,-83.34263798
2011,-486.5617408
2012,-298.7522005
2013,-284.7065877
2014,-47.35090207
2015,-212.0183864
2016,-156.5696527
2017,-94.75716
2018,-304.0185873
2019,-52.27499227
2020,-81.47226901
2021,-165.1720575
2022,-65.3339435
2023,-130.6284055
2024,-29.98502532
2025,-122.8156443
2026,-99.48074753
2027,-121.2607802
2028,-210.4191158
2029,-386.8472897
2030,-104.3675262
2031,-326.9938648
2032,-319.7939335
2033,-107.0352695
2034,-475.9174824
2035,-300.112011
2036,-227.2169452
2037,-291.4476184
2038,-282.1361787
2039,-113.9873594
2040,-100.8378744
2041,-75.06646403
2042,-240.8988396
2043,-227.547255
2044,-265.5333161
2045,-106.8026205
2046,-209.4642649
2047,-215.3118625
2048,-413.155733
2049,-237.1542406
2050,-122.0345271
2051,-129.0912428
2052,-135.7205046
2053,-71.66201555
2054,-63.48435155
2055,-174.9874953
2056,-165.3493296
2057,-266.1444175
2058,-76.63361697
2059,-110.3618814
2060,-127.0612397
2061,-255.2848487
2062,-288.4651243
2063,-441.1179299
2064,-144.7388273
2065,-367.8321087
2066,-89.41738175
2067,-122.2010198
2068,-207.5500719
2069,-104.3895563
2070,-197.8965352
2071,-214.294126
2072,-111.9722093
2073,-317.7392829
2074,-49.29512432
2075,-147.454889
2076,-335.208639
2077,-83.67460978
2078,-445.823
2079,-137.3451513
2080,-102.8430761
2081,-57.12513066
2082,-235.3664236
2083,-65.44496471
2084,-222.6747262
2085,-318.4154158
2086,-91.51253242
2087,-145.6960697
2088,-151.6288241
2089,-176.7403464
2090,-181.6806988
2091,-26.92923684
2092,-172.6576912
2093,-7.036771542
2094,-50.22167895
2095,-202.0634861
2096,-106.2402989
2097,-267.0748398
2098,-282.6700161
2099,-101.5623756
2100,-125.1713409
2101,-316.5592608
2102,-113.1825388
2103,-277.5847407
2104,-161.5995967
2105,-133.1182646
2106,-164.9551825
2107,-101.1037314
2108,-94.69464276
2109,-150.2711298
2110,-85.04300373
2111,-71.5123545
2112,-403.3407511
2113,-335.1817157
2114,-82.4993226
2115,-296.7744607
2116,-417.4349485
2117,-357.267372
2118,-81.00021746
2119,-4.30172432
2120,-99.29827073
2121,-93.25465681
2122,-167.0350194
2123,-67.91848749
2124,-110.3587538
2125,-191.1147346
2126,-174.5925418
2127,37.49910473
2128,-429.5401328
2129,-187.7959239
2130,-201.8163821
2131,-315.4663542
2132,-86.15133762
2133,-149.2699942
2134,-221.1668426
2135,-111.923158
2136,-37.89007019
2137,-379.2019161
2138,-51.8473654
2139,-127.9519738
2140,-160.6382552
2141,26.01823047
2142,-170.1825097
2143,-409.8950132
2144,-203.5996106
2145,-269.7370252
2146,-123.4877824
2147,-378.4441308
2148,-180.4247442
2149,-118.6937516
2150,-119.1099821
2151,6.43860759
2152,-131.4885479
2153,-120.7684749
2154,-70.23391998
2155,-112.0189732
2156,-194.1860926
2157,-88.33387913
2158,-96.35704946
2159,-122.6850193
2160,-125.9579541
2161,-91.19351554
2162,-143.0470663
2163,-401.555883
2164,-292.1397259
2165,-94.61426049
2166,-168.7266556
2167,-134.6090844
2168,-331.4727705
2169,-95.96155997
2170,-114.1836982
2171,-429.6404176
2172,-107.8869625
2173,-97.37014877
2174,-100.6960135
2175,-78.29505085
2176,-115.921667
2177,-178.889386
2178,-376.0809734
2179,-202.4252664
2180,-108.1704796
2181,-88.74838789
2182,-139.701221
2183,-136.0845111
2184,-185.7203846
2185,-103.9572748
2186,-167.8849534
2187,-95.92424472
2188,-98.54928713
2189,-75.53549891
2190,-96.44534798
2191,-91.53527083
2192,23.07036852
2193,-256.789753
2194,-54.08539864
2195,-109.4954202
2196,-178.349702
2197,-121.9928831
2198,-403.970294
2199,-106.2406826
2200,-154.8337663
2201,-149.4791827
2202,-84.61197621
2203,-316.9054805
2204,-138.2722683
2205,-108.261524
2206,-73.82802331
2207,-269.7234253
2208,-141.9939875
2209,23.32088224
2210,-53.41904628
2211,-263.0686346
2212,-120.2644202
2213,-104.6603643
2214,-86.57103809
2215,-140.1066687
2216,-253.6877895
2217,-131.812145
2218,-276.7160587
2219,-99.49178935
2220,-321.4479173
2221,-94.27592771
2222,-197.0642496
2223,-85.84505909
2224,-93.88744977
2225,-305.7256843
2226,-431.6475673
2227,-151.4752247
2228,-188.6553799
2229,-127.4815041
2230,-79.94273031
2231,-78.50991803
2232,-84.35635845
2233,18.15354053
2234,-249.8253197
2235,-133.5080234
2236,-206.6429573
2237,-156.9066805
2238,-106.7987266
2239,-165.6475389
2240,19.93112794
2241,-162.6968186
2242,-379.5443093
2243,-246.6942647
2244,-235.1349873
2245,-83.63746739
2246,-46.44983296
2247,-124.5866716
2248,-108.5250814
2249,-420.4563855
2250,-87.27729173
2251,-362.9167367
2252,-309.1543635
2253,-154.9402374
2254,-350.0342673
2255,-210.9197166
2256,-87.30856129
2257,-167.0604063
2258,-299.9611303
2259,-114.911359
2260,-176.5065083
2261,-124.963644
2262,-190.2342866
2263,-102.1579238
2264,-343.6506457
2265,-309.2819489
2266,-184.8087207
2267,-108.5821594
2268,-331.1241765
2269,-351.1483736
2270,-141.4980834
2271,-53.37797457
2272,-262.2195501
2273,-445.1735667
2274,-230.7475855
2275,-268.5849426
2276,-204.5163143
2277,-88.13918837
2278,-194.0070833
2279,-129.2785633
2280,-54.29127107
2281,-219.7349083
2282,-376.7049584
2283,-221.6904113
2284,-283.2774839
2285,-172.1150467
2286,-132.1180015
2287,-454.5730994
2288,-50.93762388
2289,-254.5709207
2290,-134.2697793
2291,-127.6708883
2292,-300.3976178
2293,-296.063629
2294,-41.93024875
2295,-69.83637851
2296,-175.0359631
2297,-85.22570205
2298,-220.8250287
2299,-165.374848
2300,-129.3552853
2301,-197.3759383
2302,-213.1787027
2303,-439.2908027
2304,-159.5990488
2305,-243.9988138
2306,-116.7556485
2307,-136.4008119
2308,-194.640243
2309,-230.4235091
2310,-74.70990646
2311,-282.840145
2312,-373.4169186
2313,-372.9383696
2314,-137.0111553
2315,-253.074736
2316,-139.2774938
2317,-60.70635238
2318,-91.98479611
2319,-67.3116857
2320,-107.4520281
2321,-84.02532738
2322,-131.2663718
2323,-98.9657388
2324,-106.3184089
2325,-162.8222568
2326,-102.9515209
2327,-162.8117154
2328,-172.9459208
2329,-125.1531185
2330,-256.6337112
2331,-226.0592611
2332,-77.60104168
2333,-61.39651174
2334,-94.1480959
2335,-80.43221567
2336,-145.288833
2337,-212.5122133
2338,-45.42057278
2339,-186.3452121
2340,-228.3066424
2341,-270.7360582
2342,-163.0077373
2343,-290.2088543
2344,-191.4542831
2345,-486.5371299
2346,-47.42368241
2347,-266.8728054
2348,-117.0061017
2349,-195.234607
2350,-119.4885832
2351,-315.2135208
2352,-409.1788224
2353,-71.08814855
2354,-272.7859126
2355,-98.90037296
2356,-418.4871287
2357,-87.79655915
2358,-21.72012918
2359,-143.176399
2360,-65.9342785
2361,-92.70990496
2362,-110.4601679
2363,-123.4304781
2364,-98.69512296
2365,-136.0507471
2366,-128.4016841
2367,-83.61870205
2368,-436.462518
2369,-106.3763644
2370,-199.6607106
2371,-347.7764028
2372,-42.52173342
2373,-265.8884858
2374,-384.4067056
2375,-171.0560146
2376,-76.16194435
2377,-230.1124277
2378,-112.2737063
2379,-337.1164774
2380,-67.91830693
2381,-346.511651
2382,-300.4224218
2383,-111.0279677
2384,-504.8193938
2385,-162.2328033
2386,-133.2532743
2387,-83.90184875
2388,-393.3160114
2389,-96.97177555
2390,-74.31783059
2391,-98.4557253
2392,-146.2468552
2393,-89.3973445
2394,-87.25596123
2395,-94.86259156
2396,-81.98487881
2397,-10.56492314
2398,-223.4846248
2399,-318.8177618
2400,-108.6662567
2401,-56.19135528
2402,-108.8373111
2403,-173.2123738
2404,-122.0717616
2405,-75.50905273
2406,-331.7629394
2407,-298.0129602
2408,-120.0759777
2409,-202.4292716
2410,-182.2773218
2411,-66.43617969
2412,-213.6879655
2413,-86.00722017
2414,-138.365456
2415,-364.4728058
2416,-221.6340854
2417,-376.5765225
2418,-98.5358612
2419,-60.05413798
2420,-81.30769219
2421,-150.9983138
2422,-86.98849402
2423,-257.1071026
2424,-226.4267945
2425,-219.3311017
2426,-178.2737121
2427,-73.16408607
2428,-363.436964
2429,-145.8127861
2430,-111.7323939
2431,-87.99646639
2432,-103.9780315
2433,-336.435434
2434,-86.87077669
2435,-122.3757648
2436,-129.6761587
2437,-129.3027798
2438,-208.0518618
2439,-144.0707597
2440,-110.2029784
2441,-293.9218025
2442,-203.8599111
2443,-323.3644059
2444,-264.6014612
2445,-21.80216154
2446,-322.769643
2447,-483.2965703
2448,-91.51231327
2449,-190.0292136
2450,-193.813015
2451,-111.5567376
2452,-70.45691456
2453,-235.6547692
2454,-301.5361067
2455,-288.7499085
2456,-101.6646693
2457,-90.51423332
2458,-150.7884645
2459,-74.32630397
2460,-102.4353831
2461,-105.9403817
2462,-111.9353354
2463,-194.4376425
2464,-64.8479114
2465,-66.01259763
2466,-168.7953099
2467,-420.2909016
2468,-67.82052294
2469,-259.823166
2470,-366.6295117
2471,-78.24948065
2472,-89.60506361
2473,-422.4544767
2474,-323.5673287
2475,-123.9958156
2476,-175.4925444
2477,-132.3970687
2478,-196.6784617
2479,-123.605117
2480,-191.4450171
2481,-163.7731851
2482,-372.7244818
2483,-136.1125364
2484,-131.1146815
2485,-262.6096236
2486,-271.7879861
2487,-189.6132082
2488,-89.2653992
2489,-168.4372053
2490,-79.73595844
2491,-306.4397919
2492,-105.6785099
2493,-111.4214437
2494,-395.9267066
2495,-280.2212462
2496,-9.303296719
2497,-176.4977487
2498,-217.3153325
2499,-324.0119135
2500,-173.9678487
2501,-360.2374803
2502,-248.0401445
2503,-254.0823946
2504,-252.1782717
2505,-249.2991483
2506,-81.33387181
2507,-146.3463979
2508,-140.9202754
2509,-96.05307266
2510,-190.3064918
2511,-22.57593201
2512,-204.781536
2513,-214.7983652
2514,-90.26909223
2515,-223.0224663
2516,-61.19412582
2517,-146.5747783
2518,-93.15957417
2519,-249.0384834
2520,-197.2458516
2521,-93.26913901
2522,-438.9784442
2523,45.35706908
2524,-305.3080823
2525,-99.04805585
2526,-179.9403401
2527,-44.20334451
2528,-123.1513309
2529,-139.6710083
2530,-100.2556692
2531,-112.9326925
2532,-503.1641134
2533,-100.3216112
2534,-67.68193501
2535,-390.9631026
2536,-200.7365602
2537,-145.6455136
2538,-211.5901053
2539,-237.9342294
2540,-256.9040062
2541,-117.0601992
2542,-174.2149189
2543,-175.9783611
2544,-121.704187
2545,-119.2748859
2546,-303.2400009
2547,-136.4447289
2548,-102.7233594
2549,-222.7186887
2550,-289.149141
2551,-287.4706662
2552,-495.8882507
2553,-291.0608044
2554,-141.1603462
2555,-199.0099606
2556,-287.2746212
2557,-66.25290382
2558,-312.2775194
2559,-107.7335297
2560,-202.7414254
2561,-205.2662142
2562,-105.5158097
2563,-140.4767701
2564,-130.4343576
2565,-102.0815575
2566,-186.7993978
2567,-138.9741561
2568,-112.8459259
2569,-111.9512502
2570,-293.672581
2571,-268.5045158
2572,-80.86410893
2573,-146.2774151
2574,-84.37252291
2575,-221.6723581
2576,-86.69120104
2577,-329.4559303
2578,-115.938701
2579,-209.0205664
2580,-382.1247943
2581,-115.4666262
2582,-57.2892269
2583,-122.6129708
2584,-1.263786924
2585,-197.3360869
2586,-211.1438464
2587,-124.3677616
2588,-123.9303758
2589,-124.0931578
2590,-110.1465145
2591,-126.3025982
2592,-53.29880302
2593,-198.0275497
2594,-220.5438094
2595,-102.6240729
2596,-31.76755888
2597,-119.9349105
2598,-152.3951659
2599,-135.2752225
2600,-110.2344304
2601,-357.6994406
2602,-205.947108
2603,-180.299364
2604,-241.6101236
2605,-159.946302
2606,-177.0949157
2607,-239.5789087
2608,-262.3110476
2609,-129.739509
2610,-110.4417719
2611,-128.351283
2612,-450.3943092
2613,-188.6741649
2614,-104.8993271
2615,-69.77852268
2616,-96.88016981
2617,-221.3180554
2618,-148.3622254
2619,-96.61121303
2620,-234.1520194
2621,-130.2244273
2622,-137.4920764
2623,-83.34643754
2624,-155.16297
2625,-108.0263566
2626,-412.4961139
2627,-162.1193445
2628,21.47075276
2629,-129.5076718
2630,-235.0334047
2631,-250.6367182
2632,-286.6974331
2633,-147.3643956
2634,-367.0362014
2635,-105.7580933
2636,-115.3228855
2637,-110.0373924
2638,-155.6110547
2639,-148.5349715
2640,-14.07338705
2641,-118.8252978
2642,-226.6151314
2643,-344.8275543
2644,-90.93677754
2645,-259.3067204
2646,-106.6726264
2647,-115.2190411
2648,-122.9025881
2649,-97.53807616
2650,-111.3859312
2651,-238.7363519
2652,-110.8623415
2653,-144.3584381
2654,-208.74063
2655,-320.3189802
2656,-35.61553369
2657,-316.7423547
2658,-257.0258633
2659,-297.6453542
2660,-84.9813331
2661,-321.7492561
2662,-136.5704395
2663,-273.5775244
2664,-265.3082337
2665,-60.00925464
2666,-115.4650465
2667,-340.5607074
2668,-239.1465341
2669,-362.0733893
2670,-113.7113717
2671,-205.6828183
2672,-117.8267025
2673,-256.6856091
2674,-89.67655247
2675,-88.12863995
2676,-146.6622203
2677,-109.8214725
2678,8.963296708
2679,-272.0933765
2680,-119.3372803
2681,-146.0834008
2682,-210.5791284
2683,-60.54133745
2684,-180.9300256
2685,-133.3642038
2686,-567.4983114
2687,-115.940259
2688,-190.1178084
2689,-98.05984994
2690,-315.448009
2691,-57.95964797
2692,-155.5651617
2693,-461.5780445
2694,-279.9014379
2695,-130.8620658
2696,-138.239009
2697,-437.0152786
2698,-206.5811153
2699,-245.287859
2700,-121.9763622
2701,-9.970039749
2702,-91.42730622
2703,-125.319857
2704,-90.38423687
2705,-90.53007405
2706,-106.2225645
2707,-285.1375968
2708,-407.8090917
2709,-43.86157293
2710,-193.2644661
2711,-322.0274725
2712,-78.88564182
2713,-216.2856825
2714,-89.81305707
2715,-176.985788
2716,-390.2100915
2717,-22.89600902
2718,-8.47740535
2719,-115.8417615
2720,-195.023989
2721,-37.24915887
2722,-62.25399674
2723,-202.7405292
2724,-477.2132775
2725,9.094002853
2726,-215.9099873
2727,-148.3614457
2728,-347.5169337
2729,-102.192139
2730,-131.2315509
2731,-188.7611556
2732,-203.2948685
2733,-80.07422174
2734,-74.91265925
2735,-373.4075094
2736,-215.4804499
2737,-168.2226717
2738,-280.6850141
2739,-66.31175863
2740,-92.67167248
2741,-111.5623112
2742,-107.9405948
2743,-64.92583287
2744,-479.462948
2745,-397.3334405
2746,-141.3255098
2747,-311.3552867
2748,-2.990356099
2749,-68.40439859
2750,-109.8317283
2751,-18.21724086
2752,-429.690412
2753,-217.2012077
2754,-134.1692076
2755,-13.78535162
2756,-472.9535301
2757,-243.8500697
2758,-129.5015628
2759,-431.9747376
2760,36.25389157
2761,-116.0009153
2762,-130.6708679
2763,-139.447016
2764,-119.0578248
2765,-34.96490107
2766,-269.7397189
2767,-29.32490364
2768,9.293325994
2769,-256.2835817
2770,-98.61034608
2771,-138.7759326
2772,-228.7864083
2773,-73.99861733
2774,-123.7659295
2775,-371.9379958
2776,-80.8599752
2777,-364.8355768
2778,-122.510939
2779,-102.5716131
2780,41.77470297
2781,-341.8718159
2782,-149.3512282
2783,-69.28582288
2784,-163.3686122
2785,-85.88682769
2786,-120.5096993
2787,-96.34243426
2788,-336.6162722
2789,-69.97565065
2790,-350.6010064
2791,-96.69859071
2792,-189.6757294
2793,-241.228787
2794,-156.4576003
2795,-268.923445
2796,-133.7836834
2797,-120.8907958
2798,-519.8777376
2799,-93.9015309
2800,-93.95571631
2801,-160.7319232
2802,-250.5588574
2803,-214.3887248
2804,-191.4885877
2805,-136.1482267
2806,-90.36922563
2807,-91.3460277
2808,-304.5816152
2809,-296.5865456
2810,-213.8177127
2811,-100.2537504
2812,-135.5931982
2813,-295.25001
2814,-75.41463783
2815,-117.6175296
2816,-244.5439423
2817,-262.2590144
2818,-130.0477138
2819,-250.6840749
2820,-115.479844
2821,-77.43114503
2822,-147.812234
2823,-95.35326364
2824,-186.1170813
2825,-113.6543416
2826,-84.14063913
2827,-315.3041927
2828,-353.6969556
2829,-29.37379666
2830,-423.7176232
2831,-73.36455775
2832,-258.3095025
2833,-391.9551265
2834,-377.5336504
2835,-222.4646715
2836,-96.05031252
2837,-140.0231833
2838,-90.01895767
2839,-181.1549942
2840,-151.1520947
2841,-185.2350012
2842,-192.3028244
2843,-100.252242
2844,7.526541466
2845,-376.8294806
2846,-285.6276714
2847,-158.9785461
2848,-191.4547512
2849,-105.7637997
2850,-273.5948879
2851,-124.2177956
2852,-99.92099662
2853,-103.6154097
2854,-180.3011532
2855,-173.5795272
2856,-102.7197717
2857,-286.7425902
2858,-462.3473029
2859,-287.3036489
2860,-294.9888621
2861,-196.0687093
2862,-262.9380134
2863,-96.8192447
2864,-63.15037001
2865,-146.4874153
2866,-253.8486087
2867,-151.4373747
2868,-149.5860137
2869,-190.5464451
2870,-170.7100187
2871,-157.239208
2872,-359.7396704
2873,-232.1587468
2874,-183.8133938
2875,-431.8608006
2876,-106.6378153
2877,-137.8711716
2878,-99.20173497
2879,-91.6482057
2880,-160.7692964
2881,-173.6487953
2882,-102.4059546
2883,-249.6391586
2884,-391.499396
2885,-319.3846949
2886,-193.8683423
2887,-136.7721524
2888,-128.4152992
2889,-117.6763996
2890,-99.83037317
2891,-211.5562171
2892,-17.52680762
2893,-143.8730849
2894,-80.60976894
2895,-261.9095147
2896,-137.9051956
2897,-127.6717015
2898,-132.7831801
2899,-329.516041
2900,-177.0226576
2901,-280.7991161
2902,-147.3444344
2903,-172.1289194
2904,-90.29984822
2905,-174.0947443
2906,-497.1548245
2907,-127.6932424
2908,-127.5820478
2909,-188.2777576
2910,-222.8281157
2911,-350.8519263
2912,-171.3020468
2913,-60.24252826
2914,-60.62181649
2915,-73.01138966
2916,-151.6337684
2917,-91.41369887
2918,-195.754408
2919,-327.7884788
2920,-107.8622923
2921,4.912653534
2922,-116.3850833
2923,-260.9532829
2924,-66.39995212
2925,-169.9990024
2926,-90.01519716
2927,-420.2048894
2928,-381.5556752
2929,-186.7261165
2930,-28.62574749
2931,-85.74116213
2932,-439.4566198
2933,-151.9069176
2934,-79.81893771
2935,-176.2618001
2936,-185.5800149
2937,-160.7917045
2938,-131.2201154
2939,-278.3781894
2940,-323.3406238
2941,-229.4454293
2942,-163.1625347
2943,-104.4426753
2944,-255.7644766
2945,-109.1258171
2946,-111.5228226
2947,-199.8444152
2948,-214.9739787
2949,-88.26500247
2950,-108.6583821
2951,-412.5167845
2952,-393.9556423
2953,-80.78616556
2954,-97.19639155
2955,-145.1051472
2956,-117.2698745
2957,-295.3703333
2958,-229.5156393
2959,-109.3975429
2960,-85.24231705
2961,-201.8038684
2962,-158.0379395
2963,-221.3613445
2964,-177.8535242
2965,-162.0692398
2966,-124.6895486
2967,-139.3333479
2968,-211.6346833
2969,-358.5523479
2970,-15.1122235
2971,-360.7954442
2972,-119.1321123
2973,-162.9188291
2974,-115.8105881
2975,-115.1225111
2976,-116.6132835
2977,-126.8303084
2978,-94.02825375
2979,-236.7041096
2980,-212.1253945
2981,-216.8797705
2982,-140.8947688
2983,-174.9301621
2984,-113.8934782
2985,-160.1799939
2986,-84.2584861
2987,-347.3514981
2988,-131.3751193
2989,-309.6657324
2990,-113.4297086
2991,-222.7042125
2992,-452.0708438
2993,-96.98725013
2994,-339.0295468
2995,-131.9852343
2996,-112.932402
2997,-134.8323076
2998,-137.0784203
2999,-374.4198681
3000,-199.3270541
3001,-192.568723
3002,-343.0224578
3003,-313.6130225
3004,-503.3473641
3005,-214.4382027
3006,-229.3060244
3007,60.46104189
3008,-123.8502666
3009,-221.3967169
3010,-110.0049035
3011,-200.1251152
3012,-100.9889293
3013,-104.5286953
3014,-265.5445343
3015,-145.7379107
3016,-384.7750842
3017,-235.7051464
3018,-163.5571419
3019,-145.3776939
3020,-396.5566973
3021,-225.1980957
3022,-294.9210409
3023,-346.6888671
3024,-329.7562697
3025,-66.43955569
3026,-91.4597563
3027,4.264492513
3028,-131.3076578
3029,-169.1034264
3030,-131.3667002
3031,-373.1902508
3032,-122.2831502
3033,-386.342399
3034,-145.685453
3035,-258.0894219
3036,-102.9460717
3037,-146.0252702
3038,-101.6035394
3039,-130.3843352
3040,-222.4584428
3041,-242.9985892
3042,-229.177525
3043,-22.43406101
3044,-123.9402805
3045,-118.5009166
3046,-300.8708223
3047,-91.63858526
3048,-304.278171
3049,-22.33029521
3050,-52.65220598
3051,-120.8638945
3052,-112.3789327
3053,-117.639113
3054,-212.792507
3055,-288.2573893
3056,-130.5574597
3057,-150.0712969
3058,-410.7371946
3059,-323.0434984
3060,-101.050213
3061,-381.683618
3062,-80.52970946
3063,-83.45297362
3064,-110.1318534
3065,-208.6869809
3066,-300.2931235
3067,-436.1585064
3068,-152.5135635
3069,-282.6208084
3070,-95.13059339
3071,-245.9761019
3072,-122.3309877
3073,-125.8824389
3074,-170.7731961
3075,-165.709994
3076,-141.039672
3077,-81.59779156
3078,-239.6473927
3079,-159.9078305
3080,19.69254225
3081,-397.4830112
3082,-442.5982089
3083,-442.6786163
3084,-227.5444769
3085,-279.1295629
3086,-120.808757
3087,-295.2905972
3088,-111.3286786
3089,-156.8616431
3090,-376.3540275
3091,-124.9133107
3092,-182.530571
3093,-98.15287554
3094,-86.30023559
3095,-47.58572526
3096,-160.736866
3097,-104.8095095
3098,-415.7421094
3099,-70.6892628
3100,-129.2676132
3101,-130.9959328
3102,-249.5377239
3103,-287.5973048
3104,-334.6922237
3105,-143.8703342
3106,-382.305834
3107,-336.9923277
3108,-91.46680839
3109,-96.83549743
3110,-97.01552695
3111,-165.2031585
3112,-175.8537178
3113,97.97877552
3114,-362.3321105
3115,-150.3341094
3116,-446.618109
3117,-137.8819233
3118,-118.3166477
3119,-103.3656831
3120,-183.2279676
3121,-159.2031206
3122,-205.4153995
3123,-376.3870555
3124,-315.136814
3125,-196.8544658
3126,-156.0356362
3127,-133.7491664
3128,-51.43337176
3129,-248.0441477
3130,-344.3292322
3131,-366.7476878
3132,-239.2321946
3133,-117.104058
3134,-39.05318172
3135,-150.9175887
3136,-84.10792528
3137,-413.0648812
3138,-104.5672661
3139,-221.3529883
3140,-92.12271102
3141,-98.81701631
3142,-139.0821556
3143,-75.12017677
3144,-82.98003734
3145,-167.7580856
3146,-126.9333985
3147,-63.60861113
3148,-305.8146421
3149,-297.055872
3150,-125.5119857
3151,-39.77241646
3152,-152.0614841
3153,-185.5659129
3154,-154.3681434
3155,-268.6477969
3156,-283.414266
3157,-159.0169299
3158,-193.6063459
3159,-84.38908913
3160,-177.7618373
3161,-174.0750828
3162,-141.6880123
3163,-209.3944104
3164,-82.95723771
3165,-224.4413683
3166,-100.4208028
3167,-101.1432611
3168,-103.0553209
3169,-216.4657974
3170,-429.629668
3171,-84.84037061
3172,27.07022081
3173,-92.83393647
3174,-370.3409084
3175,-263.8482602
3176,-62.14163624
3177,-241.0049643
3178,-110.3153463
3179,-349.4761896
3180,-17.27524312
3181,-259.4526079
3182,-269.1739007
3183,-309.9934301
3184,-265.137009
3185,-130.850483
3186,-206.7531846
3187,-334.9739373
3188,-270.0633593
3189,-8.819858559
3190,-141.4570434
3191,-55.36618998
3192,-213.8812628
3193,-142.3114628
3194,-426.7724183
3195,-185.1030155
3196,-146.0031162
3197,-168.1744164
3198,-203.013051
3199,-228.8317136
3200,-78.2760435
3201,-14.08058837
3202,-111.5193367
3203,-140.3611613
3204,-240.1708393
3205,-426.0532224
3206,-347.9860339
3207,-133.0518554
3208,-83.29129061
3209,-423.3003666
3210,-81.80192474
3211,-394.6581189
3212,-91.98743124
3213,-165.816974
3214,-100.2321753
3215,-92.20026621
3216,-51.59925328
3217,-87.03090594
3218,-117.8666917
3219,-80.24286814
3220,-151.8800269
3221,-185.916186
3222,-156.7487434
3223,-455.3910302
3224,-425.8496189
3225,-475.5718139
3226,-318.5671306
3227,-123.3153928
3228,-217.8483528
3229,-105.2522465
3230,-16.40894196
3231,-256.0355249
3232,-135.7009573
3233,-59.3413415
3234,-398.812576
3235,-510.1883129
3236,-66.94728598
3237,-246.7664213
3238,-145.917291
3239,-16.55772566
3240,-111.3345453
3241,-132.5723208
3242,-132.6158151
3243,-45.56916286
3244,-110.5929632
3245,-66.33867724
3246,-289.1430364
3247,-373.3907539
3248,-147.4717336
3249,-104.2547697
3250,-137.2036618
3251,-148.0656075
3252,-97.55828409
3253,-116.5274185
3254,-69.47294071
3255,-237.5792362
3256,-459.0025868
3257,-100.2309562
3258,-232.1285189
3259,-369.9609805
3260,-103.2494041
3261,-397.29172
3262,-117.9851083
3263,-85.98661327
3264,-514.4998135
3265,-231.1602415
3266,-320.3456483
3267,-230.0387917
3268,-86.83587848
3269,-324.969744
3270,-114.0636358
3271,-138.3578335
3272,-446.7718912
3273,-135.4172677
3274,-198.7872244
3275,-105.0167528
3276,-286.7320057
3277,-342.9518505
3278,-92.99267582
3279,-174.1773122
3280,-77.5074327
3281,-61.64228498
3282,-321.2219146
3283,-112.3147073
3284,-68.45191539
3285,-120.8851681
3286,-129.9298225
3287,-292.4807925
3288,-279.3517451
3289,-124.7827265
3290,-90.22738304
3291,-228.575072
3292,-249.5610546
3293,-160.3361375
3294,-175.9940736
3295,-113.1276004
3296,-17.59290814
3297,-189.4362244
3298,-125.7372368
3299,-266.7799107
3300,-280.8574397
3301,-304.5253894
3302,13.61055859
3303,-337.9757975
3304,82.19536348
3305,-349.1266851
3306,-279.7297599
3307,-115.3164821
3308,-295.9965203
3309,-153.2441562
3310,-84.09745012
3311,-156.8254263
3312,-24.66057548
3313,-112.9809131
3314,-119.9678391
3315,-229.8361675
3316,-415.3836737
3317,-222.3437646
3318,-87.90536856
3319,-103.0674039
3320,-288.7395725
3321,-118.1873363
3322,-336.587628
3323,-53.46822466
3324,-371.1054775
3325,-336.9665614
3326,-100.9907443
3327,-138.7542721
3328,-150.9790511
3329,-3.908787584
3330,-212.3992712
3331,-109.3823948
3332,-157.309728
3333,-433.9168377
3334,-258.9696131
3335,-99.73061052
3336,-126.7808509
3337,-215.7435566
3338,-154.8876016
3339,-261.1717259
3340,-141.8589788
3341,-365.3723997
3342,-322.529974
3343,-179.6742017
3344,-358.211623
3345,-124.4021532
3346,-84.1542792
3347,-193.3714132
3348,-174.9623321
3349,-223.5220078
3350,-63.59045254
3351,-159.0788593
3352,-81.72937604
3353,-304.5704207
3354,-110.2415896
3355,-129.1342847
3356,-78.41863737
3357,-179.524641
3358,-490.9688895
3359,-331.9364443
3360,-256.9971536
3361,-194.7597113
3362,-92.29437222
3363,-165.1177664
3364,-141.3274863
3365,-11.04203652
3366,-364.8261585
3367,-161.4009145
3368,-387.3393885
3369,-19.02463793
3370,-83.54912965
3371,-93.04365109
3372,-97.93420606
3373,-193.3018702
3374,-491.1152786
3375,-86.6497961
3376,-289.6937234
3377,-88.96483195
3378,-311.2021649
3379,-175.865869
3380,-83.05557056
3381,-100.1652934
3382,-268.3423679
3383,-146.1916722
3384,-368.3829928
3385,-115.1684525
3386,-93.09685949
3387,-195.2841172
3388,-133.7585647
3389,-96.20708561
3390,-276.5337771
3391,-113.2194255
3392,-186.1387667
3393,-122.2911123
3394,-452.7910021
3395,-94.542177
3396,-88.25261816
3397,-128.7008912
3398,-233.7510334
3399,-196.8738485
3400,-272.8218103
3401,-63.48626179
3402,-308.5960267
3403,-287.6159089
3404,-341.9129582
3405,-326.6601657
3406,-102.1756466
3407,-170.2531019
3408,-27.80621325
3409,-120.4843373
3410,-199.9659481
3411,-384.1949759
3412,-87.92748187
3413,-191.0655301
3414,-183.0732836
3415,-191.6300341
3416,-356.583192
3417,-66.86192873
3418,-103.0939152
3419,-177.9714478
3420,-132.8790966
3421,-190.7396232
3422,-238.6230642
3423,-249.8800094
3424,-356.2309309
3425,-170.085711
3426,-109.8345892
3427,-261.1357372
3428,-85.61516757
3429,-77.41227396
3430,-220.1292302
3431,-136.8992002
3432,-126.8932775
3433,-204.8878798
3434,-76.48467583
3435,-168.4685666
3436,-403.1870264
3437,-103.8703165
3438,-147.6749379
3439,-115.7460616
3440,-77.4639244
3441,-116.2259208
3442,-138.0422714
3443,-282.4565052
3444,-228.2447883
3445,-49.16911611
3446,-212.4126173
3447,-131.3187034
3448,-277.0309543
3449,-102.9147412
3450,-129.3337231
3451,-131.2601575
3452,-138.6135447
3453,-263.0814935
3454,-67.6483475
3455,-455.219169
3456,-161.885927
3457,-215.0597901
3458,-136.1353398
3459,-124.6013997
3460,-131.1146306
3461,-116.5210253
3462,-122.2158543
3463,-206.8230176
3464,-95.79881409
3465,-218.5681675
3466,-135.139916
3467,-104.3782695
3468,-304.060215
3469,-125.306048
3470,-188.5212523
3471,-243.9365823
3472,-91.76623239
3473,-180.1798607
3474,-341.0313472
3475,-121.4244576
3476,-262.3543929
3477,-149.3061759
3478,-240.1769099
3479,-25.92565512
3480,-226.2632752
3481,-290.5826923
3482,-95.52203542
3483,-70.24716495
3484,-134.1445309
3485,-114.8945057
3486,-179.7058979
3487,-439.0172633
3488,6.721774386
3489,-77.65672235
3490,-132.0294277
3491,-157.5125485
3492,-356.4140759
3493,-280.7781828
3494,-167.8031918
3495,-135.3966998
3496,-178.0346675
3497,-66.08185985
3498,-230.2094423
3499,-130.9683153
3500,-290.1330014
3501,-115.590732
3502,-226.3435034
3503,-170.1369636
3504,-93.3532391
3505,-125.3776978
3506,-84.43531902
3507,-135.6281597
3508,-102.9340484
3509,-111.1234476
3510,-218.0762903
3511,-292.3522607
3512,-126.4866235
3513,-321.5967525
3514,-83.11781097
3515,-489.7524653
3516,-356.316216
3517,-98.70540757
3518,-234.90533
3519,3.701869602
3520,-93.80555898
3521,-233.3010262
3522,-382.1656792
3523,-86.4524738
3524,-49.61027733
3525,-135.0672932
3526,-360.1054847
3527,-331.7804503
3528,-188.9225561
3529,-138.3465233
3530,-277.0229792
3531,-283.9446589
3532,-86.07177655
3533,-124.7903153
3534,-160.9473372
3535,-136.3670649
3536,-321.6092497
3537,-96.35616862
3538,-134.9078189
3539,-88.53837606
3540,-116.4127919
3541,-184.8703696
3542,-284.4946347
3543,-371.6049177
3544,-429.0083027
3545,-164.5045407
3546,-216.0656165
3547,-68.10859893
3548,-14.08647674
3549,-428.4682136
3550,-127.8567753
3551,-226.3616355
3552,-186.9519945
3553,-126.9614335
3554,-373.6974353
3555,-130.797209
3556,-108.7519945
3557,-71.13060158
3558,-118.8883991
3559,-226.8183791
3560,-337.2321406
3561,-83.35877897
3562,-278.2981852
3563,-152.8246346
3564,38.37009178
3565,-402.3609379
3566,-81.11639456
3567,-178.7236336
3568,-126.9960172
3569,-333.9914904
3570,-138.5619566
3571,-247.7796812
3572,-239.287019
3573,-497.618365
3574,-359.5653415
3575,-171.1112689
3576,-19.39651859
3577,-319.3470477
3578,-249.8342132
3579,-230.9522638
3580,-348.3428841
3581,-118.0826757
3582,-157.934385
3583,-130.7248896
3584,-311.758104
3585,-193.4264024
3586,-123.6149459
3587,-63.97707049
3588,-144.09477
3589,-113.492937
3590,-297.5344933
3591,-280.6543273
3592,-111.0862226
3593,-110.3585955
3594,-69.45874865
3595,-98.40544067
3596,-307.5001523
3597,-262.6575706
3598,-117.9682271
3599,-112.5753571
3600,-175.7586881
3601,-142.1157423
3602,-425.7998644
3603,24.41499689
3604,-77.65029216
3605,-116.8924229
3606,-54.0206573
3607,-107.7659863
3608,-152.197345
3609,-514.3294019
3610,-59.68395531
3611,-105.1683107
3612,-392.4061239
3613,-99.13237172
3614,-212.5145968
3615,-170.1329354
3616,-375.4295039
3617,24.91001515
3618,22.1157099
3619,-192.8710484
3620,-146.5166148
3621,-203.7752099
3622,-99.11730531
3623,-134.621718
3624,-172.5546827
3625,-110.5562716
3626,-373.6217469
3627,-117.6663031
3628,-178.6394259
3629,-309.1655989
3630,-152.1428273
3631,-330.1965001
3632,-38.51360027
3633,-441.7533012
3634,-86.19510339
3635,-262.3065622
3636,-192.6950982
3637,-201.1355922
3638,-239.6776301
3639,-168.8317816
3640,-94.76240496
3641,-434.082177
3642,-160.3041622
3643,-304.7985996
3644,-179.3824983
3645,-229.8787881
3646,-385.8303584
3647,-135.7159441
3648,-427.8415731
3649,-88.77819239
3650,-245.8736252
3651,-143.4131746
3652,-193.6889903
3653,-121.1065974
3654,-80.85031268
3655,-262.2445193
3656,-103.2312636
3657,-88.26195214
3658,-106.6462857
3659,13.82832161
3660,-384.6782697
3661,-26.9561932
3662,-113.3102696
3663,-164.2608645
3664,-421.4349313
3665,-284.1569548
3666,-239.482856
3667,-94.06407037
3668,-134.3228156
3669,-258.5555726
3670,-162.9647711
3671,-91.40289645
3672,-209.0253906
3673,-87.08302477
3674,-91.50809517
3675,-87.67550898
3676,-232.0459286
3677,-104.6023158
3678,-147.2363551
3679,-102.4607695
3680,-310.2079609
3681,-159.2995558
3682,-227.4148046
3683,-152.4566342
3684,-171.1418581
3685,-217.6424314
3686,-113.8924428
3687,-220.1917656
3688,-54.57677366
3689,-130.9816385
3690,-103.3567443
3691,-209.7964504
3692,-137.3455441
3693,-112.9372755
3694,-135.8486665
3695,-111.9888137
3696,-359.6501844
3697,-104.9432307
3698,-201.3603118
3699,-335.7337378
3700,-195.0935598
3701,-113.968327
3702,-182.3271632
3703,-392.2474643
3704,-148.5090089
3705,-123.396864
3706,-244.1054222
3707,-86.78435731
3708,-100.9498254
3709,-74.56199546
3710,-105.6994713
3711,-174.1950269
3712,-111.7423535
3713,-80.55951304
3714,-142.9486562
3715,-322.7980042
3716,-144.8370245
3717,-425.2151002
3718,-111.208417
3719,-172.5698788
3720,-149.6812404
3721,-65.76538708
3722,-194.7929223
3723,-82.36176068
3724,-65.64566026
3725,-313.1713565
3726,-102.3510664
3727,-201.2740051
3728,-113.0058796
3729,-383.9686961
3730,-430.817151
3731,-98.50751588
3732,-66.80983705
3733,-99.7514072
3734,-223.0190031
3735,-429.5111753
3736,-155.2051734
3737,-435.1850882
3738,-9.93587861
3739,-129.3968339
3740,-98.29934698
3741,-94.55466556
3742,-342.1920586
3743,-144.5556559
3744,-86.48660151
3745,-85.83809487
3746,-309.131331
3747,-73.92023925
3748,-103.8862473
3749,-361.3633954
3750,-107.9660556
3751,-54.37130245
3752,-113.1017034
3753,-109.7043636
3754,-80.04834323
3755,-64.35579045
3756,-278.3868398
3757,-113.9104728
3758,-342.9582786
3759,-133.0015141
3760,-289.1150318
3761,-156.0963041
3762,-120.9649516
3763,-414.0102856
3764,-215.5902542
3765,-154.378202
3766,-66.02313428
3767,-115.6523723
3768,-125.5325039
3769,-231.8081021
3770,-163.315765
3771,-143.5799737
3772,-122.7693724
3773,-303.6999096
3774,-4.260137244
3775,-115.4403718
3776,-272.0613096
3777,-90.15118152
3778,-375.9230268
3779,-87.52707221
3780,-287.2616381
3781,-117.7181383
3782,-349.5531358
3783,-132.4503887
3784,-283.6836599
3785,-197.4288255
3786,-285.9292812
3787,-258.7686916
3788,-54.80393565
3789,-158.4288846
3790,-200.5122729
3791,-162.4894278
3792,-146.53378
3793,-169.2890819
3794,-85.59413113
3795,-134.1115655
3796,-148.2475337
3797,-116.5802247
3798,-124.3045029
3799,-284.1094216
3800,-133.0077437
3801,-96.33124285
3802,-97.55018829
3803,-144.2448397
3804,-130.2236328
3805,-336.7954154
3806,-87.79856631
3807,-86.69653682
3808,-270.3961386
3809,-136.9349952
3810,-151.6793632
3811,-133.8027134
3812,-107.5808972
3813,-263.2437406
3814,-55.67671313
3815,-400.9779975
3816,-113.7804989
3817,-487.8515445
3818,-108.0456611
3819,-130.7227373
3820,-106.9843619
3821,-103.6101538
3822,-257.9229377
3823,-148.1474353
3824,-88.88623873
3825,-124.220221
3826,-187.73233
3827,-268.8721441
3828,-122.6595991
3829,-55.9016146
3830,-289.0014051
3831,-206.6960241
3832,-220.3085962
3833,-363.784759
3834,-120.9863441
3835,-123.4472753
3836,-397.0119696
3837,-424.7242149
3838,-99.8664156
3839,-286.3632737
3840,-292.2691349
3841,-123.1625213
3842,28.18427782
3843,-180.0040125
3844,-63.01650787
3845,-199.7931635
3846,-138.741203
3847,-123.7810296
3848,-116.0535525
3849,-145.3225176
3850,-93.62048025
3851,-101.0830675
3852,-314.7169851
3853,-134.091489
3854,-377.0536954
3855,-77.68951339
3856,-99.19157043
3857,-86.61327126
3858,-129.55648
3859,-80.40061515
3860,-122.115683
3861,-406.4466481
3862,-494.8568013
3863,-175.7958361
3864,-74.94638832
3865,-156.4262571
3866,-121.9250782
3867,-368.9072905
3868,-21.10651721
3869,-217.2304227
3870,-135.9270271
3871,-62.39117322
3872,-107.7124108
3873,-94.40113385
3874,-123.5228592
3875,-71.74369893
3876,-397.4416075
3877,-132.6292224
3878,-80.71548868
3879,-105.245528
3880,-247.8706485
3881,-140.3277993
3882,-263.1467558
3883,-103.3714448
3884,-82.10671722
3885,-496.8255572
3886,-60.17968447
3887,-183.7486922
3888,-59.44832911
3889,-196.9778219
3890,-84.69113805
3891,6.026146691
3892,-149.4813485
3893,-200.4011757
3894,-95.38130746
3895,-237.1940528
3896,-138.0430088
3897,-203.6936406
3898,-85.07797332
3899,-121.6385549
3900,-131.9454761
3901,-101.2305966
3902,-190.7610799
3903,-109.8374805
3904,-1.434044973
3905,-120.3647586
3906,-155.5929132
3907,-308.4709773
3908,-108.7131702
3909,-457.6876197
3910,-72.54988638
3911,-76.37012024
3912,-262.9295666
3913,-100.6192611
3914,-344.3674154
3915,-226.7752892
3916,-207.0914277
3917,-127.6253734
3918,-106.5913106
3919,-131.9799154
3920,-354.4590363
3921,-264.8289247
3922,-377.3992885
3923,-116.3819148
3924,-94.59712232
3925,-225.0044068
3926,-416.5125776
3927,-101.6289311
3928,-117.6459693
3929,-181.3690832
3930,-345.0738151
3931,-207.7195491
3932,-128.4436805
3933,-109.8766564
3934,-131.9603567
3935,-298.6771365
3936,-109.4764939
3937,-113.725504
3938,-494.0562076
3939,-123.4106489
3940,-141.5712009
3941,-138.680819
3942,-89.86445845
3943,-365.1148525
3944,-152.5535934
3945,-303.8153502
3946,-460.3843113
3947,-163.9766835
3948,-118.8912549
3949,-206.7507051
3950,-324.3734836
3951,-126.7219085
3952,-215.5477389
3953,-262.6837548
3954,-411.1864952
3955,-97.36066885
3956,-315.6920689
3957,-127.1407255
3958,-358.7079397
3959,-299.3598657
3960,-75.07208258
3961,-335.09405
3962,-114.7658491
3963,-238.185199
3964,-77.72128649
3965,-359.0619154
3966,-295.6782642
3967,-222.1705569
3968,-186.528865
3969,-129.3528722
3970,-145.7003864
3971,-170.8005679
3972,-65.32621003
3973,-109.4136049
3974,-63.40275749
3975,-126.9139019
3976,-119.0177309
3977,-126.732711
3978,-334.9853258
3979,-96.62244065
3980,-325.5287834
3981,-359.0133121
3982,-235.5290037
3983,-214.0435684
3984,17.35947103
3985,-321.7190845
3986,-98.10479601
3987,-340.3083913
3988,-83.74105249
3989,-79.2809317
3990,-260.101457
3991,-168.0703932
3992,-84.95581719
3993,-160.4440912
3994,-460.4319366
3995,-95.25248258
3996,-36.12721522
3997,-344.7548918
3998,-489.7514944
3999,-239.4580664
4000,-75.01812542
